model_name,batch_size,learning_rate,best_accuracy,final_train_loss,final_test_loss
mlp_mixer,128,0.001,98.47,0.015725115800079313,0.05816008761519674
resmlp,128,0.001,98.08,0.022386981653166747,0.07022039515186983
vision_permutator,128,0.001,85.47,0.3410464358101013,0.45531996763959715
